judul,jumlah_halaman,bahasa,penulis,penerbit,jumlah_review,rating,gambar,tanggal_terbit
Parallel Worlds: A Journey through Creation Higher Dimensions and the Future of the Cosmos,361,eng,Michio Kaku,Anchor,456,4.18,https://images.gr-assets.com/books/1435244003m/33418.jpg,2006-02-14
Silence,201,eng,Shūsaku Endō,Taplinger Publishing Company,2125,4.08,https://images.gr-assets.com/books/1327991351m/25200.jpg,1999-01-01
Fever Pitch,247,eng,Nick Hornby,Riverhead Books,1081,3.74,https://images.gr-assets.com/books/1426114203m/4264.jpg,1998-03-01
Postmortem (Kay Scarpetta #1),342,eng,Patricia Daniels Cornwell,Pocket Books,2167,4.02,https://images.gr-assets.com/books/1341835831m/6534.jpg,2003-12-30
Poetics,144,eng,Aristotle,Penguin Classics,491,3.83,https://images.gr-assets.com/books/1348161995m/13270.jpg,1996-09-26
The Hundred Dresses,80,eng,Eleanor Estes,HMH Books for Young Readers,2328,4.09,https://images.gr-assets.com/books/1476941110m/42369.jpg,2004-09-01
The Black Ice (Harry Bosch #2; Harry Bosch Universe #2),448,eng,Michael Connelly,Vision,1645,4.08,https://images.gr-assets.com/books/1372241876m/24244.jpg,2003-12-01
Lucy Sullivan Is Getting Married,640,en-US,Marian Keyes,William Morrow Paperbacks,698,3.77,https://images.gr-assets.com/books/1407707569m/9303.jpg,2007-01-23
Amerika,336,eng,Franz Kafka,Schocken,532,3.75,https://images.gr-assets.com/books/1327894257m/22911.jpg,1996-07-02
Dark Lover (Black Dagger Brotherhood #1),393,eng,J.R. Ward,Penguin Group (USA),10622,4.2,https://images.gr-assets.com/books/1429676285m/42899.jpg,2005-09-06
Touching Darkness (Midnighters #2),439,eng,Scott Westerfeld,Harper Teen,676,3.89,https://images.gr-assets.com/books/1315537376m/24767.jpg,2006-03-01
The Screwtape Letters,224,eng,C.S. Lewis,HarperCollins,4743,4.23,https://images.gr-assets.com/books/1347801873m/11149.jpg,2001-03-06
Left Behind (Left Behind #1),342,eng,Tim LaHaye,Tyndale House Publishers,3315,3.83,https://images.gr-assets.com/books/1406505054m/27523.jpg,2000-09-01
The Spirit Catches You and You Fall Down: A Hmong Child Her American Doctors and the Collision of Two Cultures,341,eng,Anne Fadiman,Noonday Press,4244,4.17,https://images.gr-assets.com/books/1432610033m/12609.jpg,1998-09-30
White Fang,252,eng,Jack London,Scholastic Paperbacks,3187,3.98,https://images.gr-assets.com/books/1475878443m/43035.jpg,2001-01-01
Howl and Other Poems,56,eng,Allen Ginsberg,City Lights,1305,4.13,https://images.gr-assets.com/books/1327870926m/6295.jpg,2001-01-01
Sole Survivor,403,eng,Dean Koontz,Bantam Books,549,3.79,https://images.gr-assets.com/books/1308459581m/16431.jpg,2006-07-25
13 Little Blue Envelopes (Little Blue Envelope #1),322,eng,Maureen Johnson,HarperCollins Publishers,4088,3.64,https://images.gr-assets.com/books/1375030179m/17020.jpg,2010-12-21
Traveling Mercies: Some Thoughts on Faith,275,eng,Anne Lamott,Anchor,2309,4.16,https://images.gr-assets.com/books/1403182174m/10890.jpg,2000-02-15
Silver on the Tree (The Dark is Rising #5),274,eng,Susan Cooper,Margaret K. McElderry Books,519,4.15,https://images.gr-assets.com/books/1364805592m/11313.jpg,2000-12-01
Tales from Earthsea (Earthsea Cycle #5),280,eng,Ursula K. Le Guin,Ace,484,4.05,https://images.gr-assets.com/books/1309202073m/13659.jpg,2003-10-28
The Seventh Gate (The Death Gate Cycle #7),317,eng,Margaret Weis,Spectra,151,4.11,https://images.gr-assets.com/books/1327837380m/28483.jpg,1995-12-01
A Year in Provence,207,eng,Peter Mayle,Vintage,2583,3.96,https://images.gr-assets.com/books/1494896848m/40189.jpg,1991-06-04
Hogfather (Discworld #20; Death #4),432,eng,Terry Pratchett,Corgi,1384,4.23,https://images.gr-assets.com/books/1416342611m/34532.jpg,2006-10-02
Forest Mage (Soldier Son #2),718,eng,Robin Hobb,Harper Voyager,397,3.39,https://images.gr-assets.com/books/1446012746m/45106.jpg,2006-08-29
A Heartbreaking Work of Staggering Genius,485,eng,Dave Eggers,Vintage,8496,3.69,https://images.gr-assets.com/books/1327714834m/4953.jpg,2001-02-13
Fantastic Beasts and Where to Find Them (Hogwarts Library),128,eng,Newt Scamander,Arthur A. Levine Books,5595,3.99,https://images.gr-assets.com/books/1303738520m/41899.jpg,2001-06-01
Paradise Lost,453,eng,John Milton,Penguin Classics,2649,3.82,https://images.gr-assets.com/books/1455618673m/15997.jpg,2003-02-27
The Supernaturalist,267,en-US,Eoin Colfer,Disney-Hyperion,1010,3.86,https://images.gr-assets.com/books/1233460677m/45432.jpg,2005-04-20
The Stranger Beside Me: Ted Bundy: The Shocking Inside Story,548,eng,Ann Rule,Signet,2846,4.14,https://images.gr-assets.com/books/1330072383m/15654.jpg,2001-06-01
Baudolino,527,eng,Umberto Eco,"Harcourt, Inc.",709,3.75,https://images.gr-assets.com/books/1479698120m/10507.jpg,2003-10-06
Fables Vol. 8: Wolves,160,eng,Bill Willingham,Vertigo,572,4.27,https://images.gr-assets.com/books/1375393296m/21324.jpg,2006-12-20
Five Dialogues: Euthyphro Apology Crito Meno Phaedo,156,eng,Plato,"Hackett Publishing Company, Inc.",234,4.13,https://images.gr-assets.com/books/1399079227m/30292.jpg,2002-10-01
River of Blue Fire (Otherland #2),675,eng,Tad Williams,Daw Books,236,4.02,https://images.gr-assets.com/books/1309992269m/10084.jpg,1999-09-01
What Is the What,475,eng,Dave Eggers,McSweeney's,6215,4.16,https://images.gr-assets.com/books/1328837457m/4952.jpg,2006-10-18
The Five Dysfunctions of a Team: A Leadership Fable,227,eng,Patrick Lencioni,Jossey-Bass,2944,4.05,https://images.gr-assets.com/books/1400841022m/21343.jpg,2002-04-11
Foundation (Foundation #1),244,eng,Isaac Asimov,Bantam,6692,4.17,https://images.gr-assets.com/books/1417900846m/29579.jpg,2004-06-01
A Walk to Remember,240,eng,Nicholas Sparks,Grand Central Publishing,10189,4.17,https://images.gr-assets.com/books/1385738968m/3473.jpg,2004-09-01
Being and Nothingness,688,eng,Jean-Paul Sartre,Routledge,270,3.96,https://images.gr-assets.com/books/1329978583m/10033.jpg,2003-08-28
Discourse on Method and Meditations on First Philosophy,103,eng,René Descartes,"Hackett Publishing Company, Inc.",330,3.72,https://images.gr-assets.com/books/1405624402m/31862.jpg,1999-06-15
The Da Vinci Code (Robert Langdon #2),489,eng,Dan Brown,Anchor,36086,3.84,https://images.gr-assets.com/books/1303252999m/968.jpg,2006-03-28
The Jane Austen Book Club,288,eng,Karen Joy Fowler,G.P. Putnam's Sons,3561,3.08,https://images.gr-assets.com/books/1309282966m/2152.jpg,2005-04-26
The Vampire Lestat (The Vampire Chronicles #2),481,eng,Anne Rice,Ballantine Books,2743,4.07,https://images.gr-assets.com/books/1347515742m/43814.jpg,2004-08-31
The Sea The Sea,528,eng,Iris Murdoch,Penguin Books Ltd,787,3.92,https://images.gr-assets.com/books/1302898449m/11229.jpg,2001-03-01
Rachel's Holiday (Walsh Family #2),578,eng,Marian Keyes,William Morrow Paperbacks,1254,3.96,https://images.gr-assets.com/books/1407709261m/9301.jpg,2007-01-23
The Plot Against America,391,eng,Philip Roth,Vintage International,3049,3.77,https://images.gr-assets.com/books/1327711853m/703.jpg,2005-09-27
The Partly Cloudy Patriot,197,eng,Sarah Vowell,Simon  Schuster,1324,3.88,https://images.gr-assets.com/books/1430720573m/12358.jpg,2003-10-01
Life is Elsewhere,432,eng,Milan Kundera,Harper Perennial,313,3.95,https://images.gr-assets.com/books/1327945876m/44559.jpg,2000-07-25
The Walking Dead Vol. 5: The Best Defense,136,eng,Robert Kirkman,Image Comics,848,4.29,https://images.gr-assets.com/books/1345769360m/30065.jpg,2009-04-21
Eyes of Prey (Lucas Davenport #3),358,eng,John Sandford,G.P. Putnam's Sons,525,4.18,https://images.gr-assets.com/books/1400408527m/37297.jpg,2007-03-06
The Vanished Man (Lincoln Rhyme #5),560,en-US,Jeffery Deaver,Pocket Books,591,4.1,https://images.gr-assets.com/books/1257881028m/28568.jpg,2004-07-01
The Bachman Books,704,eng,Richard Bachman,Plume,495,4.11,https://images.gr-assets.com/books/1374049003m/10617.jpg,1996-10-01
The Hotel New Hampshire,520,eng,John Irving,Black Swan,1212,3.91,https://images.gr-assets.com/books/1318013543m/11768.jpg,1982-10-22
Polgara the Sorceress,754,eng,David Eddings,Del Rey Books,295,4.09,https://images.gr-assets.com/books/1403179783m/18884.jpg,1998-12-26
The Wake (The Sandman #10),191,eng,Neil Gaiman,Vertigo,784,4.52,https://images.gr-assets.com/books/1339922545m/25104.jpg,1999-09-03
The Constant Princess (The Plantagenet and Tudor Novels #6),390,eng,Philippa Gregory,Washington Square Press,3934,3.9,https://images.gr-assets.com/books/1355932704m/16181.jpg,2006-09-06
The General in His Labyrinth,248,eng,Gabriel García Márquez,Everyman's Library,393,3.69,https://images.gr-assets.com/books/1361537151m/23884.jpg,2004-10-26
Animal Farm / 1984,400,eng,George Orwell,Houghton Mifflin Harcourt,1652,4.29,https://images.gr-assets.com/books/1327959366m/5472.jpg,2003-06-01
Speaker for the Dead (Ender's Saga #2),382,eng,Orson Scott Card,Tor Books,6673,4.07,https://images.gr-assets.com/books/1295660894m/7967.jpg,1994-08-15
Zen and the Art of Motorcycle Maintenance: An Inquiry Into Values (Phaedrus #1),540,eng,Robert M. Pirsig,HarperTorch,6515,3.77,https://images.gr-assets.com/books/1410136019m/629.jpg,2006-04-25
The Long Walk: The True Story of a Trek to Freedom,256,eng,Sławomir Rawicz,Lyons Press,1772,4.21,https://images.gr-assets.com/books/1417980460m/9013.jpg,2006-04-01
To Green Angel Tower Part 2 (Memory Sorrow and Thorn #3; Part 2),815,eng,Tad Williams,DAW Fantasy,222,4.21,https://images.gr-assets.com/books/1309992900m/28698.jpg,1994-07-01
The Tombs of Atuan (Earthsea Cycle #2),180,eng,Ursula K. Le Guin,Gallery / Saga Press,1979,4.09,https://images.gr-assets.com/books/1417900879m/13662.jpg,2001-09-01
The Universe in a Nutshell,216,eng,Stephen Hawking,Bantam,658,4.15,https://images.gr-assets.com/books/1159814395m/2095.jpg,2001-11-06
The Firm,76,eng,Robin Waterfield,Addison Wesley Publishing Company,3388,4.02,https://images.gr-assets.com/books/1418465200m/5358.jpg,2000-02-15
The King of Attolia (The Queen's Thief #3),387,eng,Megan Whalen Turner,Greenwillow Books,2331,4.37,https://images.gr-assets.com/books/1293505327m/40159.jpg,2006-01-24
Without Remorse (John Clark #1; Jack Ryan Universe Publication Order #6),750,eng,Tom Clancy,Berkley Books,1013,4.18,https://images.gr-assets.com/books/1310082706m/19668.jpg,1994-08-01
Lost in a Good Book (Thursday Next #2),399,eng,Jasper Fforde,Penguin Books,2165,4.14,https://images.gr-assets.com/books/1419889476m/27000.jpg,2004-02-04
Every Which Way But Dead (The Hollows #3),501,eng,Kim Harrison,HarperTorch,1217,4.29,https://images.gr-assets.com/books/1347819379m/30263.jpg,2005-06-28
Pandora's Star,768,eng,Peter F. Hamilton,Del Rey,1530,4.24,https://images.gr-assets.com/books/1440699949m/45252.jpg,2005-03-02
For a Few Demons More (The Hollows #5),456,eng,Kim Harrison,Harper Voyager,1107,4.33,https://images.gr-assets.com/books/1319592584m/30259.jpg,2007-03-20
A Brief History of Time,212,eng,Stephen Hawking,Bantam Books,5996,4.17,https://images.gr-assets.com/books/1333578746m/3869.jpg,1998-09-01
Bleach Volume 15,208,eng,Tite Kubo,VIZ Media LLC,76,4.42,https://images.gr-assets.com/books/1417981626m/2879.jpg,2006-10-03
Jane Eyre,532,eng,Charlotte Brontë,Penguin,28553,4.12,https://images.gr-assets.com/books/1327867269m/10210.jpg,2003-02-04
Wolves of the Calla (The Dark Tower #5),931,eng,Stephen King,Pocket Books,2828,4.18,https://images.gr-assets.com/books/1419360231m/4978.jpg,2006-02-01
Essential Tales and Poems,688,en-US,Edgar Allan Poe,Barnes  Noble Classics,109,4.36,https://images.gr-assets.com/books/1328753072m/32552.jpg,2004-10-25
Piercing the Darkness (Darkness #2),448,eng,Frank E. Peretti,Crossway Books,597,4.32,https://images.gr-assets.com/books/1308796365m/17303.jpg,2003-06-26
Half of a Yellow Sun,433,eng,Chimamanda Ngozi Adichie,Knopf,5617,4.32,https://images.gr-assets.com/books/1327934717m/18749.jpg,2006-09-12
Lamb: The Gospel According to Biff Christ's Childhood Pal,444,eng,Christopher Moore,William Morrow / HarperCollins / Harper Perennial,10440,4.25,https://images.gr-assets.com/books/1331419009m/28881.jpg,2004-05-25
The High Window (Philip Marlowe #3),265,eng,Raymond Chandler,Vintage Crime/Black Lizard,575,4.07,https://images.gr-assets.com/books/1466754245m/2049.jpg,1992-08-12
Lover Awakened (Black Dagger Brotherhood #3),448,eng,J.R. Ward,Signet,5777,4.45,https://images.gr-assets.com/books/1388773547m/42900.jpg,2006-09-05
The Big Bad Wolf (Alex Cross #9),400,eng,James Patterson,Grand Central Publishing,955,3.99,https://images.gr-assets.com/books/1388328154m/6588.jpg,2004-10-01
God Emperor of Dune (Dune Chronicles #4),454,eng,Frank Herbert,Victor Gollancz,902,3.85,https://images.gr-assets.com/books/1327131560m/42432.jpg,2003-03-13
The Long Goodbye (Philip Marlowe #6),379,eng,Raymond Chandler,Vintage Crime/Black Lizard,1646,4.22,https://images.gr-assets.com/books/1388225584m/2054.jpg,1988-08-12
The Beatles: The Biography,983,eng,Bob Spitz,Little Brown,421,4.15,https://images.gr-assets.com/books/1327951066m/35539.jpg,2005-10-10
Beauty: A Retelling of the Story of Beauty and the Beast,256,eng,Robin McKinley,HarperCollins,3771,4.05,https://images.gr-assets.com/books/1294192311m/41424.jpg,1993-06-30
The Tipping Point: How Little Things Can Make a Big Difference,301,eng,Malcolm Gladwell,Back Bay Books,12045,3.97,https://images.gr-assets.com/books/1473396980m/2612.jpg,2002-01-07
Runaways Vol. 1: Pride and Joy,144,eng,Brian K. Vaughan,Marvel,863,3.97,https://images.gr-assets.com/books/1264516899m/7389.jpg,2006-12-06
Herzog,371,eng,Saul Bellow,Penguin Classics,823,3.78,https://images.gr-assets.com/books/1386924221m/6551.jpg,2003-02-25
Reading Lolita in Tehran: A Memoir in Books,356,eng,Azar Nafisi,Random House Trade Paperbacks,6602,3.61,https://images.gr-assets.com/books/1397751318m/7603.jpg,2003-12-30
The Rules of Attraction,283,eng,Bret Easton Ellis,Vintage Contemporaries,988,3.69,https://images.gr-assets.com/books/1468426907m/9912.jpg,1998-06-30
Flow My Tears the Policeman Said,204,eng,Philip K. Dick,Gollancz,1091,3.91,https://images.gr-assets.com/books/1398026028m/22584.jpg,2001-11-08
Boy's Life,580,eng,Robert R. McCammon,Pocket Books,1747,4.35,https://images.gr-assets.com/books/1314302694m/11553.jpg,1992-05-01
Gerald's Game,332,eng,Stephen King,Smithmark Publishers,2729,3.52,https://images.gr-assets.com/books/1297737756m/32692.jpg,1992-09-01
The Four Loves,170,en-US,C.S. Lewis,HarperCollins Publishers Ltd,1096,4.15,https://images.gr-assets.com/books/1276287504m/30633.jpg,2002-06-05
The Odyssey,541,eng,Homer,Penguin Classics,6647,3.76,https://images.gr-assets.com/books/1390173285m/1381.jpg,2006-11-30
Fables Vol. 4: March of the Wooden Soldiers,231,eng,Bill Willingham,Vertigo,795,4.29,https://images.gr-assets.com/books/1327870401m/21325.jpg,2004-11-30
The Hand of Chaos (The Death Gate Cycle #5),446,eng,Margaret Weis,Spectra,119,4.06,https://images.gr-assets.com/books/1327837169m/28482.jpg,1993-11-01
Chronicle of a Death Foretold,120,eng,Gabriel García Márquez,Vintage,2843,3.97,https://images.gr-assets.com/books/1430736599m/23878.jpg,2003-10-07
Furies of Calderon (Codex Alera #1),504,eng,Jim Butcher,Ace,3349,4.12,https://images.gr-assets.com/books/1329104514m/29396.jpg,2005-06-28
The Walking Dead Vol. 3: Safety Behind Bars,136,eng,Robert Kirkman,Image Comics,1028,4.3,https://images.gr-assets.com/books/1345769167m/30069.jpg,2005-06-18
The Gun Seller,340,eng,Hugh Laurie,Washington Square Press,1438,3.68,https://images.gr-assets.com/books/1480110444m/45234.jpg,1998-10-01
Blood Canticle (The Vampire Chronicles #10),400,eng,Anne Rice,Arrow,326,3.72,https://images.gr-assets.com/books/1327963715m/31331.jpg,2004-11-04
Fun Home: A Family Tragicomic,240,eng,Alison Bechdel,Houghton Mifflin Company,3925,4.09,https://images.gr-assets.com/books/1327652831m/38990.jpg,2006-06-08
Quicksilver (The Baroque Cycle #1),927,eng,Neal Stephenson,HarperCollins Perennial,1744,3.93,https://images.gr-assets.com/books/1377095669m/823.jpg,2004-09-21
Cryptonomicon,1139,eng,Neal Stephenson,Avon,4272,4.25,https://images.gr-assets.com/books/1327931476m/816.jpg,2002-11-01
Transmetropolitan Vol. 2: Lust for Life,208,eng,Warren Ellis,Vertigo,285,4.34,https://images.gr-assets.com/books/1427758922m/22417.jpg,1999-02-01
Out of Egypt (Christ the Lord #1),350,eng,Anne Rice,Ballantine Books,987,3.58,https://images.gr-assets.com/books/1381744119m/25347.jpg,2006-10-31
Foucault's Pendulum,623,eng,Umberto Eco,Mariner Books,2100,3.89,https://images.gr-assets.com/books/1396645125m/17841.jpg,2007-03-05
The Twits,96,eng,Roald Dahl,Puffin Books,2595,3.96,https://images.gr-assets.com/books/1406090629m/31456.jpg,2004-06-24
All the Names,245,eng,José Saramago,Mariner Books,742,3.9,https://images.gr-assets.com/books/1327955213m/2528.jpg,2001-10-05
Rose Daughter,304,eng,Robin McKinley,Ace,1005,3.77,https://images.gr-assets.com/books/1398552029m/8089.jpg,1998-12-01
The Trial,255,eng,Franz Kafka,Vintage,3815,3.97,https://images.gr-assets.com/books/1320399438m/17690.jpg,2001-04-09
Love in the Time of Cholera,348,eng,Gabriel García Márquez,Vintage International,13319,3.92,https://images.gr-assets.com/books/1327124987m/9712.jpg,2003-10-05
The History of Love,255,eng,Nicole Krauss,Norton,9824,3.92,https://images.gr-assets.com/books/1327911009m/3867.jpg,2006-05-17
Truman,1120,eng,David McCullough,Simon  Schuster,1963,4.13,https://images.gr-assets.com/books/1364681969m/2279.jpg,1993-06-14
Baltasar and Blimunda,346,eng,José Saramago,Mariner Books,288,3.93,https://images.gr-assets.com/books/1483229660m/2530.jpg,1998-10-16
When Christ and His Saints Slept (Henry II and Eleanor of Aquitaine #1),784,eng,Sharon Kay Penman,Ballantine Books,657,4.27,https://images.gr-assets.com/books/1333577582m/43841.jpg,1996-02-06
This Lullaby,345,eng,Sarah Dessen,Speak,4465,4.03,https://images.gr-assets.com/books/1397779294m/22205.jpg,2004-03-08
The Lost Boy (Dave Pelzer #2),331,eng,Dave Pelzer,Health Communications Inc,2526,4.1,https://images.gr-assets.com/books/1282635105m/2743.jpg,1997-08-01
Gossip Girl (Gossip Girl #1),224,eng,Cecily von Ziegesar,"Little, Brown and Company",2287,3.52,https://images.gr-assets.com/books/1398814332m/22188.jpg,2002-04-01
Lord Jim,455,eng,Joseph Conrad,Broadview Press Inc,855,3.62,https://images.gr-assets.com/books/1372366969m/12194.jpg,2000-11-07
Confessions of an Ugly Stepsister,372,en-US,Gregory Maguire,William Morrow Paperbacks,3353,3.53,https://images.gr-assets.com/books/1338457460m/18943.jpg,2000-10-03
House Corrino (Prelude to Dune #3),667,eng,Brian Herbert,Spectra Books,167,3.68,https://images.gr-assets.com/books/1298689043m/20252.jpg,2002-08-27
Cat Among the Pigeons (Hercule Poirot #34),352,eng,Agatha Christie,Berkley,753,3.83,https://images.gr-assets.com/books/1275665326m/16342.jpg,2005-07-05
March,280,eng,Geraldine Brooks,Penguin,5397,3.75,https://images.gr-assets.com/books/1327935441m/13529.jpg,2006-01-31
The 6th Target (Women's Murder Club #6),390,eng,James Patterson,Little Brown and Company,1481,4.04,https://images.gr-assets.com/books/1336275870m/13131.jpg,2007-05-08
Having a Mary Heart in a Martha World: Finding Intimacy with God in the Busyness of Life,256,eng,Joanna Weaver,Waterbrook Press,453,4.18,https://images.gr-assets.com/books/1341472478m/42631.jpg,2000-07-18
Insomnia,890,spa,Stephen King,Debolsillo,2059,3.82,https://images.gr-assets.com/books/1354355494m/10585.jpg,2005-02-28
Rabbit at Rest (Rabbit Angstrom #4),608,eng,John Updike,Random House Trade,397,3.97,https://images.gr-assets.com/books/1320394471m/11666.jpg,1996-08-27
The Lost Continent: Travels in Small Town America,299,eng,Bill Bryson,William Morrow Paperbacks,2276,3.83,https://images.gr-assets.com/books/1404042682m/26.jpg,1990-08-28
The Oresteia: Agamemnon The Libation Bearers The Eumenides,335,eng,Aeschylus,Penguin Classics,593,4.02,https://images.gr-assets.com/books/1391822282m/1519.jpg,1984-02-07
Mrs. Dalloway,194,eng,Virginia Woolf,Houghton Mifflin Harcourt,5742,3.79,https://images.gr-assets.com/books/1479336522m/14942.jpg,2002-10-28
A Long Way Down,368,eng,Nick Hornby,Riverhead Books,3955,3.42,https://images.gr-assets.com/books/1467861525m/10073.jpg,2006-05-02
Still Life with Woodpecker,288,eng,Tom Robbins,No Exit Press,2300,4.05,https://images.gr-assets.com/books/1308749778m/9566.jpg,2001-04-09
Twelve Sharp (Stephanie Plum #12),310,eng,Janet Evanovich,St. Martin's Press,1932,4.15,https://images.gr-assets.com/books/1316727699m/3507.jpg,2006-06-20
Blood And Gold (The Vampire Chronicles #8),752,eng,Anne Rice,Arrow,435,3.9,https://images.gr-assets.com/books/1168274792m/31341.jpg,2002-11-07
Exodus,608,eng,Leon Uris,"Bantam Books, Inc.",1527,4.34,https://images.gr-assets.com/books/1359742531m/42697.jpg,1986-10-01
Wideacre (The Wideacre Trilogy #1),656,eng,Philippa Gregory,Washington Square Press,1554,3.31,https://images.gr-assets.com/books/1289170133m/16188.jpg,2003-07-02
E.E. Cummings: Complete Poems 1904-1962 (Revised Corrected and Expanded Edition),1136,eng,E.E. Cummings,"Liveright/W.W. Norton & Company, Inc.",183,4.35,https://images.gr-assets.com/books/1355093052m/26596.jpg,1994-04-17
The Tale of Peter Rabbit,72,eng,Beatrix Potter,Warne,1604,4.18,https://images.gr-assets.com/books/1485118382m/19321.jpg,2002-03-07
Falling Angels,336,eng,Tracy Chevalier,Penguin Books,1224,3.58,https://images.gr-assets.com/books/1327995250m/2872.jpg,2002-09-24
Chapterhouse: Dune (Dune Chronicles #6),436,eng,Frank Herbert,Ace Books,569,3.91,https://images.gr-assets.com/books/1260954505m/105.jpg,1987-07-01
The Secret History,559,eng,Donna Tartt,Vintage,16274,4.1,https://images.gr-assets.com/books/1451554846m/29044.jpg,2004-04-13
Trouble Is My Business,224,eng,Raymond Chandler,Vintage Crime/Black Lizard,265,4.06,https://images.gr-assets.com/books/1388189902m/11318.jpg,1988-08-12
The Good the Bad and the Undead (The Hollows #2),453,eng,Kim Harrison,HarperTorch,1614,4.26,https://images.gr-assets.com/books/1391023304m/30262.jpg,2005-01-25
Built to Last: Successful Habits of Visionary Companies,368,eng,James C. Collins,Harper Business,524,4,https://images.gr-assets.com/books/1412047084m/4122.jpg,2004-11-02
Vampire Mountain (Cirque Du Freak #4),208,eng,Darren Shan,"Little, Brown Young Readers",591,4.16,https://images.gr-assets.com/books/1255813254m/8960.jpg,2003-09-01
Comfort Me with Apples: More Adventures at the Table,302,eng,Ruth Reichl,Random House Trade,955,4.04,https://images.gr-assets.com/books/1339885200m/8725.jpg,2002-04-09
Digging to America,277,eng,Anne Tyler,Alfred A. Knopf,1853,3.55,https://images.gr-assets.com/books/1327901292m/698.jpg,2006-05-02
Cause of Death (Kay Scarpetta #7),356,eng,Patricia Cornwell,Berkley Books,626,3.94,https://images.gr-assets.com/books/1327632787m/6541.jpg,2007-01-02
The Hedge Knight (The Tales of Dunk and Egg #1),164,eng,Ben Avery,Dabel Brothers Publishing,417,4.14,https://images.gr-assets.com/books/1443806558m/13501.jpg,2005-02-23
The Big Over Easy (Nursery Crime #1),383,eng,Jasper Fforde,Penguin,1893,3.94,https://images.gr-assets.com/books/1432412758m/6628.jpg,2006-07-25
How Green Was My Valley,448,eng,Richard Llewellyn,Penguin Classics,1047,4.17,https://images.gr-assets.com/books/1440708862m/40496.jpg,2001-06-28
Salt: A World History,484,eng,Mark Kurlansky,Penguin Books,3058,3.74,https://images.gr-assets.com/books/1414608893m/2715.jpg,2003-01-28
Fluke: Or I Know Why the Winged Whale Sings,321,eng,Christopher Moore,Harper,1961,3.75,https://images.gr-assets.com/books/1168444068m/33441.jpg,2004-06-15
Creepshow,66,eng,Stephen King,Plume,284,4.07,https://images.gr-assets.com/books/1332002598m/11580.jpg,1982-08-01
The Devil in the White City: Murder Magic and Madness at the Fair That Changed America,447,eng,Erik Larson,Random House Audio Publishing Group,23921,3.99,https://images.gr-assets.com/books/1312066724m/21996.jpg,2003-02-11
Mercy,400,eng,Jodi Picoult,Washington Square Press,2583,3.58,https://images.gr-assets.com/books/1299040130m/10910.jpg,2001-04-01
The Best of H.P. Lovecraft: Bloodcurdling Tales of Horror and the Macabre,406,eng,H.P. Lovecraft,Ballantine Books,551,4.31,https://images.gr-assets.com/books/1333214256m/36315.jpg,2002-10-29
From Potter's Field (Kay Scarpetta #6),383,eng,Patricia Cornwell,Berkley Books,618,4.04,https://images.gr-assets.com/books/1309209800m/6537.jpg,2005-08-30
Unlimited Power: The New Science Of Personal Achievement,448,eng,Anthony Robbins,Free Press,442,4.23,https://images.gr-assets.com/books/1419212761m/8676.jpg,1997-12-22
The Mill on the Floss,579,eng,George Eliot,Penguin Classics,1372,3.79,https://images.gr-assets.com/books/1394285531m/20564.jpg,2003-02-27
Wyrd Sisters (Discworld #6; Witches #2),265,eng,Terry Pratchett,Hartorch,1942,4.13,https://images.gr-assets.com/books/1275974472m/34504.jpg,2001-02-06
The Liars' Club,320,eng,Mary Karr,Penguin Books,2487,3.93,https://images.gr-assets.com/books/1499665766m/14241.jpg,2005-05-31
Trojan Odyssey (Dirk Pitt #17),463,eng,Clive Cussler,G.P. Putnam's Sons,324,3.94,https://images.gr-assets.com/books/1371338649m/32807.jpg,2004-12-01
Gifted Hands: The Ben Carson Story,224,eng,Ben Carson,Zondervan,1552,4.21,https://images.gr-assets.com/books/1331248043m/18422.jpg,1996-11-26
The Lord of the Rings Sketchbook,192,eng,Alan  Lee,Houghton Mifflin Harcourt,74,4.28,https://images.gr-assets.com/books/1416453209m/25790.jpg,2005-10-19
The Terminal Man,266,eng,Michael Crichton,Avon,587,3.36,https://images.gr-assets.com/books/1461056182m/7679.jpg,2002-11-05
Return (Redemption #3),384,eng,Karen Kingsbury,Tyndale House Publishers,288,4.45,https://images.gr-assets.com/books/1406513762m/11430.jpg,2003-09-01
James and the Giant Peach,146,eng,Roald Dahl,Alfred A. Knopf,4808,4.01,https://images.gr-assets.com/books/1320412586m/6689.jpg,2002-09-10
The Valley of Horses (Earth's Children #2),544,en-US,Jean M. Auel,Bantam,1743,4,https://images.gr-assets.com/books/1324059760m/40493.jpg,2002-06-25
The Mother Tongue: English and How It Got That Way,270,eng,Bill Bryson,William Morrow Paperbacks,2123,3.93,https://images.gr-assets.com/books/1388209925m/29.jpg,1991-09-28
Reservation Blues,306,eng,Sherman Alexie,Grove Press,776,3.98,https://images.gr-assets.com/books/1398195783m/6159.jpg,2005-02-07
Fall on Your Knees,672,eng,Ann-Marie MacDonald,Pocket Books,2444,3.96,https://images.gr-assets.com/books/1481449709m/5174.jpg,2002-10-29
The Fiery Cross (Outlander #5),1443,eng,Diana Gabaldon,Dell,5401,4.26,https://images.gr-assets.com/books/1407366842m/10967.jpg,2005-08-30
The Giver (The Giver #1),208,eng,Lois Lowry,Ember,57034,4.13,https://images.gr-assets.com/books/1342493368m/3636.jpg,2006-01-24
Chesapeake,1024,eng,James A. Michener,Dial Press,670,4.18,https://images.gr-assets.com/books/1421707536m/12661.jpg,2003-09-09
A Quick Bite (Argeneau #1),360,eng,Lynsay Sands,Avon,1396,3.91,https://images.gr-assets.com/books/1410129015m/38568.jpg,2005-10-25
Ham on Rye,288,eng,Charles Bukowski,Ecco,2354,4.14,https://images.gr-assets.com/books/1388195001m/38501.jpg,2014-07-29
The House of the Dead,247,eng,Fyodor Dostoyevsky,Dover Publications,406,4.05,https://images.gr-assets.com/books/1327908745m/17877.jpg,2004-04-22
Harry Potter and the Prisoner of Azkaban (Harry Potter #3),435,eng,J.K. Rowling,Scholastic Inc.,37093,4.57,https://images.gr-assets.com/books/1499277281m/5.jpg,2004-05-01
The Road,241,eng,Cormac McCarthy,Alfred A. Knopf,34604,3.97,https://images.gr-assets.com/books/1439197219m/6288.jpg,2006-10-02
Children of God (The Sparrow #2),451,eng,Mary Doria Russell,Ballantine Books,1434,4.06,https://images.gr-assets.com/books/1373509005m/16948.jpg,1999-02-02
The Dragon Reborn (The Wheel of Time #3),624,eng,Robert Jordan,Tor Books,2744,4.25,https://images.gr-assets.com/books/1480096580m/34897.jpg,2002-09-14
Three to Get Deadly (Stephanie Plum #3),321,eng,Janet Evanovich,St. Martin's Paperbacks,2902,4.15,https://images.gr-assets.com/books/1311727539m/6854.jpg,1998-07-15
The Innocent,503,eng,Harlan Coben,Dutton,1240,3.96,https://images.gr-assets.com/books/1309197260m/43926.jpg,2006-04-25
Flowers for Algernon,311,eng,Daniel Keyes,Harvest Books,10036,4.13,https://images.gr-assets.com/books/1367141311m/18373.jpg,2005-05-01
Deep Six (Dirk Pitt #7),535,en-US,Clive Cussler,Pocket Books,245,3.89,https://images.gr-assets.com/books/1400897211m/41698.jpg,2006-01-01
Virtual Light (Bridge #1),304,eng,William Gibson,Penguin Books Ltd,366,3.85,https://images.gr-assets.com/books/1409238094m/22326.jpg,1996-10-26
Salem Falls,434,eng,Jodi Picoult,Washington Square Press,3092,3.82,https://images.gr-assets.com/books/1344397557m/10915.jpg,2002-08-01
The Gods Themselves,288,eng,Isaac Asimov,Millenium,1045,4.09,https://images.gr-assets.com/books/1351076141m/41821.jpg,2000-02-10
The Miraculous Journey of Edward Tulane,200,eng,Kate DiCamillo,Candlewick Press,8226,4.37,https://images.gr-assets.com/books/1361121815m/37186.jpg,2006-02-14
Mystic River,416,eng,Dennis Lehane,William Morrow Paperbacks,2901,4.18,https://images.gr-assets.com/books/1407109549m/21671.jpg,2001-02-01
Red Harvest,224,eng,Dashiell Hammett,Orion,878,3.97,https://images.gr-assets.com/books/1320423692m/30005.jpg,2003-05-01
The Flanders Panel,295,eng,Arturo Pérez-Reverte,Mariner Books,593,3.79,https://images.gr-assets.com/books/1328874807m/11031.jpg,2004-06-07
Neverwhere (London Below #1),370,eng,Neil Gaiman,William Morrow Paperbacks,15395,4.17,https://images.gr-assets.com/books/1348747943m/14497.jpg,2003-09-02
A Modest Proposal and Other Satirical Works,64,eng,Jonathan Swift,Dover Publications,142,4.05,https://images.gr-assets.com/books/1264316062m/2677.jpg,1996-02-02
The Doors of Perception & Heaven and Hell,187,eng,Aldous Huxley,Harper Perennial Modern Classics,813,3.92,https://images.gr-assets.com/books/1375947566m/5128.jpg,2004-05-04
Labyrinth (Languedoc #1),515,eng,Kate Mosse,Berkley Books,2515,3.58,https://images.gr-assets.com/books/1312498906m/14975.jpg,2007-02-06
Keep the Aspidistra Flying,277,eng,George Orwell,Penguin Books Ltd,706,3.89,https://images.gr-assets.com/books/1331244097m/9648.jpg,2000-10-26
Crucial Conversations: Tools for Talking When Stakes Are High,240,eng,Kerry Patterson,McGraw-Hill Education,2312,4.03,https://images.gr-assets.com/books/1497193248m/15014.jpg,2002-07-09
No Country for Old Men,309,eng,Cormac McCarthy,Vintage,6208,4.14,https://images.gr-assets.com/books/1443231179m/12497.jpg,2006-07-11
Astonishing X-Men Volume 2: Dangerous,152,eng,Joss Whedon,Marvel,286,4.19,https://images.gr-assets.com/books/1500464823m/31975.jpg,2007-06-27
Hallowe'en Party (Hercule Poirot #39),336,eng,Agatha Christie,Harper,1261,3.66,https://images.gr-assets.com/books/1295673439m/16307.jpg,2001-09-03
Faithless (Grant County #5),549,en-US,Karin Slaughter,Dell Publishing Company,727,4.12,https://images.gr-assets.com/books/1167323214m/21722.jpg,2006-07-25
Blue Ocean Strategy: How to Create Uncontested Market Space and Make the Competition Irrelevant,240,eng,W. Chan Kim,Harvard Business Review Press,895,3.92,https://images.gr-assets.com/books/1416445924m/4898.jpg,2005-02-01
The Two Towers (The Lord of the Rings #2),322,eng,J.R.R. Tolkien,Houghton Mifflin,5929,4.44,https://images.gr-assets.com/books/1298415523m/15241.jpg,2003-09-05
The Pearl,96,eng,John Steinbeck,Penguin Books,6269,3.47,https://images.gr-assets.com/books/1437234939m/5308.jpg,2002-01-08
Fables Vol. 6: Homelands,190,eng,Bill Willingham,Vertigo,642,4.29,https://images.gr-assets.com/books/1327962707m/21328.jpg,2006-01-27
The Curious Incident of the Dog in the Night-Time,226,eng,Mark Haddon,Vintage,35881,3.88,https://images.gr-assets.com/books/1479863624m/1618.jpg,2004-05-18
The Metamorphosis In the Penal Colony and Other Stories: The Great Short Works of Franz Kafka,352,eng,Franz Kafka,Scribner,194,4.05,https://images.gr-assets.com/books/1446102089m/17688.jpg,2000-05-22
Marked (House of Night #1),306,eng,P.C. Cast,St. Martin's Press,12797,3.8,https://images.gr-assets.com/books/1317067002m/30183.jpg,2007-05-01
Fables Vol. 5: The Mean Seasons,166,eng,Bill Willingham,Vertigo,617,4.19,https://images.gr-assets.com/books/1327870458m/21330.jpg,2005-04-30
Maus I: A Survivor's Tale: My Father Bleeds History (Maus #1),159,eng,Art Spiegelman,Pantheon Books,4896,4.35,https://images.gr-assets.com/books/1327884972m/15196.jpg,1991-11-01
Strangers on a Train,256,eng,Patricia Highsmith,W. W. Norton & Company,1233,3.77,https://images.gr-assets.com/books/1331234879m/15677.jpg,2001-08-28
Motor Mouth (Alex Barnaby #2),312,eng,Janet Evanovich,HarperCollins,676,3.68,https://images.gr-assets.com/books/1479699584m/6426.jpg,2006-10-03
Homicidal Psycho Jungle Cat (Calvin and Hobbes #9),176,eng,Bill Watterson,Andrews McMeel Publishing,292,4.72,https://images.gr-assets.com/books/1448818381m/24816.jpg,1994-09-06
The Book of Three (The Chronicles of Prydain #1),190,en-US,Lloyd Alexander,Square Fish,2552,3.99,https://images.gr-assets.com/books/1405184012m/24780.jpg,2006-05-16
No Second Chance,452,eng,Harlan Coben,Dutton Books,1255,4.08,https://images.gr-assets.com/books/1309281936m/43927.jpg,2004-04-27
Reunion (Redemption #5),400,en-US,Karen Kingsbury,Tyndale House Publishers,272,4.5,https://images.gr-assets.com/books/1406506549m/11432.jpg,2004-07-01
Story of O (Story of O #1),199,eng,Pauline Réage,Ballantine Books,1001,3.32,https://images.gr-assets.com/books/1464369941m/40483.jpg,1981-05-12
Into Thin Air: A Personal Account of the Mount Everest Disaster,368,eng,Jon Krakauer,Anchor Books,11826,4.17,https://images.gr-assets.com/books/1463384482m/1898.jpg,1999-10-19
Charlie and the Chocolate Factory (Charlie Bucket #1),176,eng,Roald Dahl,Puffin Books,7367,4.13,https://images.gr-assets.com/books/1309211401m/6310.jpg,2005-06-02
The Midwife's Apprentice,128,eng,Karen Cushman,HarperTrophy,1593,3.72,https://images.gr-assets.com/books/1305983479m/15595.jpg,1996-08-16
Morrigan's Cross (Circle Trilogy #1),321,eng,Nora Roberts,Jove,1167,4.14,https://images.gr-assets.com/books/1457728199m/26046.jpg,2006-08-29
Case Histories (Jackson Brodie #1),389,eng,Kate Atkinson,Back Bay Books,5328,3.83,https://images.gr-assets.com/books/1451442186m/16243.jpg,2005-10-17
The Colorado Kid,178,eng,Stephen King,Hard Crime Case,2004,3.32,https://images.gr-assets.com/books/1422099676m/10574.jpg,2006-02-20
Street Magic (The Circle Opens #2),300,eng,Tamora Pierce,Scholastic,290,4.15,https://images.gr-assets.com/books/1328861813m/24093.jpg,2006-11-15
Lisey's Story,513,eng,Stephen King,Scribner,2732,3.68,https://images.gr-assets.com/books/1316346037m/10566.jpg,2006-10-24
Money,394,eng,Martin Amis,Vintage,742,3.71,https://images.gr-assets.com/books/1367084993m/18825.jpg,2005-04-07
Of Love and Other Demons,160,eng,Gabriel García Márquez,Penguin Group (USA),1134,3.98,https://images.gr-assets.com/books/1324357590m/23876.jpg,1995-05-02
Neil Gaiman's Neverwhere,224,eng,Mike Carey,Vertigo,572,4.24,https://images.gr-assets.com/books/1309582431m/14498.jpg,2007-02-14
The Moviegoer,242,eng,Walker Percy,Vintage Books USA,1679,3.68,https://images.gr-assets.com/books/1437668043m/10739.jpg,1998-04-14
Hannibal (Hannibal Lecter #3),564,eng,Thomas  Harris,Arrow,2169,3.76,https://images.gr-assets.com/books/1327356556m/32418.jpg,2000-05-18
The Forest House (Avalon #2),462,eng,Marion Zimmer Bradley,Roc,324,3.86,https://images.gr-assets.com/books/1319444215m/18892.jpg,1995-04-01
The Thirteenth Tale,406,eng,Diane Setterfield,Atria Books,19012,3.96,https://images.gr-assets.com/books/1346267826m/40440.jpg,2006-09-12
Maurice,256,eng,E.M. Forster,W. W. Norton  Company,1043,4.03,https://images.gr-assets.com/books/1361934128m/3103.jpg,2005-12-17
Twilight (Twilight #1),501,eng,Stephenie Meyer,"Little, Brown and Company",94850,3.59,https://images.gr-assets.com/books/1361039443m/41865.jpg,2006-09-06
The Wind in the Willows,197,eng,Kenneth Grahame,Penguin Books,3542,3.99,https://images.gr-assets.com/books/1423183570m/5659.jpg,2005-10-27
Fablehaven (Fablehaven #1),351,eng,Brandon Mull,Shadow Mountain,8770,4.1,https://images.gr-assets.com/books/1460309528m/44652.jpg,2006-06-07
Malgudi Days,264,eng,R.K. Narayan,Penguin Classics,480,4.21,https://images.gr-assets.com/books/1455574981m/14082.jpg,2006-11-02
Exit to Eden,336,eng,Anne Rampling,Severn House Publishers,324,3.58,https://images.gr-assets.com/books/1328206253m/43799.jpg,1998-04-24
Tara Road,648,eng,Maeve Binchy,Dell,1723,3.9,https://images.gr-assets.com/books/1403194637m/5196.jpg,2000-07-18
Middlesex,529,eng,Jeffrey Eugenides,Picador USA,19666,4,https://images.gr-assets.com/books/1437029776m/2187.jpg,2003-09-16
Books of Blood: Volumes One to Three (Books of Blood #1-3),507,eng,Clive Barker,Berkley Books,502,4.17,https://images.gr-assets.com/books/1306747123m/32626.jpg,1998-10-01
Haroun and the Sea of Stories (Khalifa Brothers #1),224,eng,Salman Rushdie,Viking Children's Books,1631,4.01,https://images.gr-assets.com/books/1419913148m/4835.jpg,1999-08-27
Freakonomics: A Rogue Economist Explores the Hidden Side of Everything,320,eng,Steven D. Levitt,William Morrow,13171,3.97,https://images.gr-assets.com/books/1327909092m/1202.jpg,2006-10-17
Barnyard Dance,24,en-US,Sandra Boynton,Workman Publishing Company,481,4.25,https://images.gr-assets.com/books/1404580374m/31314.jpg,1993-10-01
Team of Rivals: The Political Genius of Abraham Lincoln,916,eng,Doris Kearns Goodwin,Simon & Schuster,6166,4.29,https://images.gr-assets.com/books/1347278868m/2199.jpg,2006-09-26
Into the Labyrinth (The Death Gate Cycle #6),441,eng,Margaret Weis,Spectra Books,125,4.11,https://images.gr-assets.com/books/1327837279m/28484.jpg,1994-07-01
Baby Proof,340,eng,Emily Giffin,St. Martin's Press,3111,3.72,https://images.gr-assets.com/books/1361466583m/42149.jpg,2006-06-13
The Christmas Shoes (Christmas Hope #1),132,eng,Donna VanLiere,St. Martin's Press,970,4.24,https://images.gr-assets.com/books/1434144615m/42172.jpg,2001-11-09
The Amber Spyglass (His Dark Materials #3),467,eng,Philip Pullman,Laurel Leaf,6535,4.09,https://images.gr-assets.com/books/1329189152m/18122.jpg,2003-09-09
The Fires of Heaven (The Wheel of Time #5),912,eng,Robert Jordan,Orbit,1709,4.16,https://images.gr-assets.com/books/1327866286m/13895.jpg,1994-07-04
The Joy Luck Club,288,eng,Amy Tan,Penguin Books,7367,3.92,https://images.gr-assets.com/books/1304978653m/7763.jpg,2006-09-21
Three Men in a Boat (Three Men #1),185,eng,Jerome K. Jerome,Penguin Books,2857,3.89,https://images.gr-assets.com/books/1392791656m/4921.jpg,1994-10-01
The Picture of Dorian Gray,272,eng,Oscar Wilde,Random House: Modern Library,17645,4.08,https://images.gr-assets.com/books/1424596966m/5297.jpg,2004-06-01
Sailing Alone Around the Room: New and Selected Poems,192,eng,Billy Collins,Random House Trade Paperbacks,635,4.23,https://images.gr-assets.com/books/1403183272m/676.jpg,2002-09-17
Life Expectancy,476,eng,Dean Koontz,Bantam Books,1583,4.01,https://images.gr-assets.com/books/1308458308m/16435.jpg,2005-10-25
Survival in Auschwitz,187,eng,Primo Levi,Simon  Schuster,908,4.32,https://images.gr-assets.com/books/1414374949m/6174.jpg,1995-09-01
Hawaii,1136,eng,James A. Michener,Dial Press Trade Paperback,1400,4.2,https://images.gr-assets.com/books/1415585664m/12658.jpg,2002-07-09
One Day in the Life of Ivan Denisovich,182,eng,Aleksandr Solzhenitsyn,"Farrar, Straus and Giroux",2554,3.95,https://images.gr-assets.com/books/1427731744m/17125.jpg,2005-03-16
The Fall,147,eng,Albert Camus,Vintage,1805,4.04,https://images.gr-assets.com/books/1467904855m/11991.jpg,1991-05-07
A Man Without a Country,160,eng,Kurt Vonnegut Jr.,Random House Trade Paperbacks,2075,4.07,https://images.gr-assets.com/books/1330997432m/4979.jpg,2007-01-16
Girls in Pants: The Third Summer of the Sisterhood (Sisterhood #3),338,eng,Ann Brashares,Ember,1298,3.83,https://images.gr-assets.com/books/1320473346m/5452.jpg,2006-06-13
Notes from a Small Island,324,eng,Bill Bryson,William Morrow Paperbacks,3335,3.92,https://images.gr-assets.com/books/1479653223m/28.jpg,1997-05-28
Queen of Babble (Queen of Babble #1),309,eng,Meg Cabot,William Morrow,1699,3.69,https://images.gr-assets.com/books/1371049249m/23219.jpg,2006-05-23
The Unabridged Journals of Sylvia Plath,732,eng,Sylvia Plath,Anchor,488,4.31,https://images.gr-assets.com/books/1473939372m/11623.jpg,2000-10-17
The Johnstown Flood,302,eng,David McCullough,Peter Smith Publisher,1209,4.11,https://images.gr-assets.com/books/1313667349m/2371.jpg,1990-01-01
Krakatoa: The Day the World Exploded: August 27 1883,464,eng,Simon Winchester,Harper Perennial,1081,3.87,https://images.gr-assets.com/books/1407108467m/25017.jpg,2005-07-05
A Clash of Kings (A Song of Ice and Fire #2),969,eng,George R.R. Martin,Bantam,16641,4.41,https://images.gr-assets.com/books/1358254974m/10572.jpg,2002-05-28
The God Delusion,374,eng,Richard Dawkins,Houghton Mifflin Co. (Boston/NY),6270,3.9,https://images.gr-assets.com/books/1347220693m/14743.jpg,2006-10-18
The Drawing of the Three (The Dark Tower #2),463,eng,Stephen King,Signet,5198,4.23,https://images.gr-assets.com/books/1370918050m/5094.jpg,2003-08-05
Eaters of the Dead,304,eng,Michael Crichton,Avon,1107,3.67,https://images.gr-assets.com/books/1388369310m/7673.jpg,2006-08-29
Enduring Love,245,eng,Ian McEwan,Vintage,1524,3.63,https://images.gr-assets.com/books/1313656531m/6870.jpg,2004-10-28
When We Were Orphans,320,eng,Kazuo Ishiguro,Faber & Faber,1701,3.49,https://images.gr-assets.com/books/1465820100m/28923.jpg,2007-12-01
The Scarlet Letter,279,eng,Nathaniel Hawthorne,Penguin Books,10527,3.4,https://images.gr-assets.com/books/1404810944m/12296.jpg,2003-02-27
The Drama of the Gifted Child: The Search for the True Self,144,eng,Alice   Miller,Basic Books,637,4.09,https://images.gr-assets.com/books/1339395245m/4887.jpg,2008-07-22
A Tree Grows in Brooklyn,496,eng,Betty  Smith,HarperCollins Publishers,16309,4.26,https://images.gr-assets.com/books/1327883484m/14891.jpg,2006-05-30
Moll Flanders,339,eng,Daniel Defoe,Wordsworth Editions,984,3.52,https://images.gr-assets.com/books/1338130955m/38262.jpg,1993-10-05
Dead Beat (The Dresden Files #7),517,eng,Jim Butcher,Roc,2790,4.43,https://images.gr-assets.com/books/1345667776m/17683.jpg,2006-01-01
1776,386,eng,David McCullough,Simon  Schuster,6288,4.07,https://images.gr-assets.com/books/1306787560m/1067.jpg,2006-07-04
The Forever War (The Forever War #1),278,eng,Joe Haldeman,Voyager,4065,4.15,https://images.gr-assets.com/books/1386852511m/21611.jpg,2003-09-02
Cover Her Face (Adam Dalgliesh #1),250,eng,P.D. James,Scribner,970,3.93,https://images.gr-assets.com/books/1298412294m/3832.jpg,2001-05-08
The Dogs of Riga (Kurt Wallander #2),326,eng,Henning Mankell,Vintage Crime/Black Lizard,1022,3.72,https://images.gr-assets.com/books/1341858828m/39795.jpg,2004-04-13
Twelfth Night,272,eng,William Shakespeare,Simon Schuster,2548,3.98,https://images.gr-assets.com/books/1416628008m/1625.jpg,2004-07-01
The Magicians' Guild (Black Magician Trilogy #1),467,eng,Trudi Canavan,Orbit,1585,3.95,https://images.gr-assets.com/books/1327356788m/28249.jpg,2004-01-31
Fugitive Pieces,304,eng,Anne Michaels,Vintage,958,3.93,https://images.gr-assets.com/books/1327866798m/15836.jpg,1998-05-26
The Secret of the Old Clock (Nancy Drew Mystery Stories #1),210,eng,Carolyn Keene,Applewood Books,2155,3.99,https://images.gr-assets.com/books/1351534678m/32979.jpg,1991-09-01
War and Peace,1392,eng,Leo Tolstoy,Oxford University Press,6350,4.12,https://images.gr-assets.com/books/1413215930m/656.jpg,1998-06-25
And Then There Were None,264,eng,Agatha Christie,St. Martin's Press,19367,4.26,https://images.gr-assets.com/books/1391120695m/16299.jpg,2004-05-03
Lord of Light,296,eng,Roger Zelazny,Harper Voyager,1118,4.1,https://images.gr-assets.com/books/1330127327m/13821.jpg,2010-03-30
The Princess Diaries (The Princess Diaries #1),283,eng,Meg Cabot,Turtleback,4198,3.79,https://images.gr-assets.com/books/1355011082m/38980.jpg,2001-07-01
Warrior of the Light,142,en-US,Paulo Coelho,HarperOne,958,3.7,https://images.gr-assets.com/books/1359135200m/1426.jpg,2004-03-30
Julius Caesar,128,eng,William Shakespeare,"Oxford University Press, USA",2644,3.68,https://images.gr-assets.com/books/1354574927m/13006.jpg,2002-10-17
The Abyss,363,eng,Orson Scott Card,Legend,111,4.07,https://images.gr-assets.com/books/1225165505m/40289.jpg,1989-10-05
Transmetropolitan Vol. 4: The New Scum,133,eng,Warren Ellis,Vertigo,149,4.39,https://images.gr-assets.com/books/1452027299m/22421.jpg,2000-09-01
Watermelon (Walsh Family #1),520,eng,Marian Keyes,Arrow,1251,3.78,https://images.gr-assets.com/books/1345767584m/9300.jpg,2005-07-07
It's a Magical World (Calvin and Hobbes #11),176,eng,Bill Watterson,Andrews McMeel Publishing,304,4.76,https://images.gr-assets.com/books/1437420710m/24814.jpg,1996-09-01
Fear and Trembling,160,eng,Søren Kierkegaard,Penguin Books,579,4,https://images.gr-assets.com/books/1309286516m/24965.jpg,2006-05-30
Moving Pictures (Discworld #10; Industrial Revolution #1),396,eng,Terry Pratchett,Corgi,836,3.94,https://images.gr-assets.com/books/1320456553m/34510.jpg,2005-04-01
Lord John and the Private Matter (Lord John Grey #1),368,eng,Diana Gabaldon,Seal,1343,3.7,https://images.gr-assets.com/books/1320485657m/10990.jpg,2005-10-04
Libra,480,eng,Don DeLillo,Penguin,572,3.99,https://images.gr-assets.com/books/1327935630m/400.jpg,1991-05-01
The Third Policeman,200,eng,Flann O'Brien,Dalkey Archive Press,1198,4.01,https://images.gr-assets.com/books/1343027425m/27208.jpg,1999-03-01
The Magus,656,eng,John Fowles,Back Bay Books,1943,4.05,https://images.gr-assets.com/books/1441323311m/16286.jpg,2001-01-04
A People's History of the United States,729,eng,Howard Zinn,Harper Perennial,4761,4.08,https://images.gr-assets.com/books/1494279423m/2767.jpg,2005-08-02
Martin Chuzzlewit,830,eng,Charles Dickens,Penguin Classics,396,3.83,https://images.gr-assets.com/books/1334392783m/1990.jpg,1999-11-25
Persepolis: The Story of a Childhood (Persepolis #1),153,eng,Marjane Satrapi,Pantheon,8249,4.25,https://images.gr-assets.com/books/1425871473m/9516.jpg,2004-06-01
The Moor's Last Sigh,434,eng,Salman Rushdie,Vintage,454,3.93,https://images.gr-assets.com/books/1359386233m/9865.jpg,1996-07-04
The Witching Hour (Lives of the Mayfair Witches #1),1207,eng,Anne Rice,Arrow,2596,4.11,https://images.gr-assets.com/books/1327289387m/11901.jpg,2004-11-04
The Complete Maus,296,eng,Art Spiegelman,Penguin Books,6147,4.55,https://images.gr-assets.com/books/1327354180m/15195.jpg,2003-10-02
Island of the Sequined Love Nun,325,eng,Christopher Moore,Harper Perennial,1257,3.8,https://images.gr-assets.com/books/1168444146m/33455.jpg,2004-05-25
Selected Stories of Anton Chekhov,467,eng,Anton Chekhov,Modern Library,473,4.36,https://images.gr-assets.com/books/1491936310m/5693.jpg,2000-10-31
Inversions (Culture #6),343,eng,Iain M. Banks,Pocket Books,350,3.92,https://images.gr-assets.com/books/1288930844m/12017.jpg,2001-05-01
Kisscut (Grant County #2),436,eng,Karin Slaughter,HarperTorch,1120,4.09,https://images.gr-assets.com/books/1348096108m/21719.jpg,2003-09-30
Morality for Beautiful Girls (No. 1 Ladies' Detective Agency #3),227,eng,Alexander McCall Smith,Random House Anchor,1513,3.98,https://images.gr-assets.com/books/1379303019m/7035.jpg,2002-11-12
The Fall of Berlin 1945,490,eng,Antony Beevor,Penguin Books,338,4.3,https://images.gr-assets.com/books/1312049741m/42661.jpg,2003-04-29
An Artist of the Floating World,206,eng,Kazuo Ishiguro,Faber and Faber,1176,3.76,https://images.gr-assets.com/books/1327786035m/28922.jpg,2005-03-03
Journey to the End of the Night,453,eng,Louis-Ferdinand Céline,New Directions,897,4.23,https://images.gr-assets.com/books/1462934409m/12395.jpg,2006-05-17
Pastoralia,188,eng,George Saunders,Bloomsbury Publishing,939,4.11,https://images.gr-assets.com/books/1348067120m/14295.jpg,2001-09-08
The Scions of Shannara (Heritage of Shannara #1),512,eng,Terry Brooks,Orbit,257,3.99,https://images.gr-assets.com/books/1429347355m/34988.jpg,2006-10-05
Seize the Night (Moonlight Bay #2),12,eng,Dean Koontz,Random House Audio Publishing Group,395,4.08,https://images.gr-assets.com/books/1382311797m/21362.jpg,1998-12-29
Brave New World Revisited,123,eng,Aldous Huxley,Harper Perennial Modern Classics,751,3.95,https://images.gr-assets.com/books/1410136964m/5481.jpg,2006-09-05
Blue Noon (Midnighters #3),384,eng,Scott Westerfeld,Eos,720,3.85,https://images.gr-assets.com/books/1315537301m/24769.jpg,2007-02-06
Circle of Friends,722,eng,Maeve Binchy,Arrow,1409,4.03,https://images.gr-assets.com/books/1342486126m/41977.jpg,2006-06-01
An Ideal Husband,78,eng,Oscar Wilde,Dover Publications,910,4.04,https://images.gr-assets.com/books/1417045098m/5296.jpg,2001-02-05
A Woman of Substance (Emma Harte Saga #1),928,eng,Barbara Taylor Bradford,Griffin,587,4.18,https://images.gr-assets.com/books/1330029941m/8155.jpg,2005-12-01
Paint it Black,387,eng,Janet Fitch,Little Brown and Company,981,3.48,https://images.gr-assets.com/books/1288972477m/33144.jpg,2006-09-01
You Know You Love Me (Gossip Girl #2),240,en-US,Cecily von Ziegesar,Poppy,655,3.52,https://images.gr-assets.com/books/1388599269m/37451.jpg,2002-09-01
Witches Abroad (Discworld #12; Witches #3),374,eng,Terry Pratchett,HarperTorch,1284,4.22,https://images.gr-assets.com/books/1403326937m/2442.jpg,2002-07-30
Endymion (Hyperion Cantos #3),563,eng,Dan Simmons,Bantam Spectra,1125,4.17,https://images.gr-assets.com/books/1329611385m/3977.jpg,1996-12-01
Trickster's Choice (Daughter of the Lioness #1),453,eng,Tamora Pierce,Scholastic Press,802,4.27,https://images.gr-assets.com/books/1395898571m/24431.jpg,2004-09-17
A Fistful of Charms (The Hollows #4),510,eng,Kim Harrison,HarperTorch,1113,4.29,https://images.gr-assets.com/books/1348805978m/30260.jpg,2006-06-27
Truth and Beauty,257,eng,Ann Patchett,Harper Perennial,2688,3.95,https://images.gr-assets.com/books/1410140355m/3686.jpg,2005-04-05
The Amazing Adventures of Kavalier & Clay,639,eng,Michael Chabon,Picador USA,9201,4.18,https://images.gr-assets.com/books/1479660066m/3985.jpg,2001-08-25
The Executioner's Song,1056,eng,Norman Mailer,Vintage Books USA,963,4.06,https://images.gr-assets.com/books/1325755176m/12468.jpg,1998-04-28
Corelli's Mandolin,437,eng,Louis de Bernières,Vintage,1802,3.98,https://images.gr-assets.com/books/1479680795m/3388.jpg,1995-08-29
Twenty Thousand Leagues Under the Sea (Extraordinary Voyages #6),394,eng,Jules Verne,Barnes & Noble,3144,3.88,https://images.gr-assets.com/books/1494979127m/33507.jpg,2002-04-01
A Little Princess,242,eng,Frances Hodgson Burnett,Penguin Books,4455,4.2,https://images.gr-assets.com/books/1327868556m/3008.jpg,2002-02-26
Rejoice (Redemption #4),344,eng,Karen Kingsbury,Tyndale House Publishers,203,4.46,https://images.gr-assets.com/books/1406505041m/11436.jpg,2004-03-22
Notes from Underground White Nights The Dream of a Ridiculous Man and Selections from The House of the Dead,233,eng,Fyodor Dostoyevsky,Signet,1603,4.18,https://images.gr-assets.com/books/1411241656m/17876.jpg,2004-11-02
To the Nines (Stephanie Plum #9),320,eng,Janet Evanovich,St. Martin's Press,1587,4.17,https://images.gr-assets.com/books/1169433446m/40331.jpg,2004-06-05
On the Street Where You Live,387,eng,Mary Higgins Clark,Pocket Books,573,3.86,https://images.gr-assets.com/books/1341761800m/41490.jpg,2002-04-01
Fables Vol. 3: Storybook Love,190,eng,Bill Willingham,Vertigo,916,4.13,https://images.gr-assets.com/books/1363682851m/21329.jpg,2004-05-01
Forever Peace (The Forever War #2),351,eng,Joe Haldeman,Ace Books,426,3.74,https://images.gr-assets.com/books/1267317517m/21618.jpg,1998-10-01
True Believer (Jeremy Marsh & Lexie Darnell #1),465,eng,Nicholas Sparks,Grand Central Publishing,2431,3.8,https://images.gr-assets.com/books/1385739017m/3464.jpg,2006-04-11
Dune Messiah (Dune Chronicles #2),331,eng,Frank Herbert,Ace Books,2372,3.88,https://images.gr-assets.com/books/1392528394m/106.jpg,1987-07-15
Emperor Mage (Immortals #3),358,eng,Tamora Pierce,Simon Pulse,622,4.29,https://images.gr-assets.com/books/1166573612m/13833.jpg,2005-06-01
Snow Flower and the Secret Fan,269,eng,Lisa See,Random House,14966,4.07,https://images.gr-assets.com/books/1327880508m/1103.jpg,2006-02-21
The Good Earth (House of Earth #1),418,eng,Pearl S. Buck,Howard Publishing Co,7722,3.98,https://images.gr-assets.com/books/1312497600m/1078.jpg,2009-03-04
The Rise of Endymion (Hyperion Cantos #4),709,eng,Dan Simmons,Spectra,1247,4.18,https://images.gr-assets.com/books/1329609799m/11289.jpg,1998-07-01
The Testament,535,eng,John Grisham,Island,2401,3.86,https://images.gr-assets.com/books/1403174228m/5348.jpg,1999-12-28
American Tabloid (Underworld USA #1),592,eng,James Ellroy,Vintage/Random House (NY),645,4.21,https://images.gr-assets.com/books/1403181563m/36064.jpg,2001-04-24
Lover Eternal (Black Dagger Brotherhood #2),464,eng,J.R. Ward,Signet,5389,4.35,https://images.gr-assets.com/books/1300845974m/35729.jpg,2006-03-07
Our Band Could Be Your Life: Scenes from the American Indie Underground 1981-1991,522,eng,Michael Azerrad,Back Bay Books,580,4.18,https://images.gr-assets.com/books/1168029429m/29393.jpg,2002-07-02
A Single Man,192,eng,Christopher Isherwood,Univ Of Minnesota Press,1053,4.1,https://images.gr-assets.com/books/1380688373m/16842.jpg,2001-03-20
Surely You're Joking Mr. Feynman!: Adventures of a Curious Character,391,eng,Richard P. Feynman,W. W. Norton & Company,3704,4.28,https://images.gr-assets.com/books/1348445281m/5544.jpg,1997-04-12
Magic's Price (Valdemar: Last Herald-Mage #3),351,eng,Mercedes Lackey,DAW Books Inc,322,4.27,https://images.gr-assets.com/books/1478489331m/28734.jpg,1990-07-03
At the Mountains of Madness and Other Tales of Terror,184,eng,H.P. Lovecraft,Del Rey Books,494,4.25,https://images.gr-assets.com/books/1226634493m/32769.jpg,1991-09-13
All the King's Men,439,eng,Robert Penn Warren,Harcourt Brace,1738,4.09,https://images.gr-assets.com/books/1342193852m/5527.jpg,1996-09-01
The Complete Calvin and Hobbes,1456,eng,Bill Watterson,Andrews McMeel Publishing,940,4.82,https://images.gr-assets.com/books/1473064526m/24812.jpg,2005-09-06
Cry to Heaven,566,eng,Anne Rice,Ballantine Books,562,3.85,https://images.gr-assets.com/books/1385216547m/31335.jpg,1995-04-01
The Doll's House (The Sandman #2),232,eng,Neil Gaiman,Vertigo,1537,4.44,https://images.gr-assets.com/books/1298566119m/25099.jpg,1999-03-10
The War of the Worlds,192,eng,H.G. Wells,Modern Library,4642,3.82,https://images.gr-assets.com/books/1320391644m/8909.jpg,2002-03-12
Winter's Heart (The Wheel of Time #9),780,eng,Robert Jordan,Tor Fantasy,1480,3.94,https://images.gr-assets.com/books/1480096268m/13891.jpg,2002-01-07
Redemption (Redemption #1),384,eng,Karen Kingsbury,Tyndale House Publishers,863,4.38,https://images.gr-assets.com/books/1406514548m/11433.jpg,2002-07-22
The Black Dahlia (L.A. Quartet #1),348,eng,James Ellroy,Mysterious Press,1833,3.76,https://images.gr-assets.com/books/1387048173m/21704.jpg,2006-08-16
Stranger in a Strange Land,528,eng,Robert A. Heinlein,Ace,6303,3.92,https://images.gr-assets.com/books/1156897088m/350.jpg,1991-10-01
Harry Potter Collection (Harry Potter #1-6),3342,eng,J.K. Rowling,Scholastic,809,4.73,https://images.gr-assets.com/books/1328867351m/10.jpg,2005-09-12
The Tiger Rising,128,eng,Kate DiCamillo,Candlewick Press,2315,3.82,https://images.gr-assets.com/books/1479692331m/37187.jpg,2002-07-01
World War Z: An Oral History of the Zombie War,342,eng,Max Brooks,Crown,20804,4.01,https://images.gr-assets.com/books/1386328204m/8908.jpg,2006-09-12
Lords and Ladies (Discworld #14; Witches #4),400,eng,Terry Pratchett,Corgi,830,4.17,https://images.gr-assets.com/books/1469186110m/34529.jpg,2005-08-01
The Notebook (The Notebook #1),214,eng,Nicholas Sparks,Bantam,15292,4.1,https://images.gr-assets.com/books/1385738917m/15931.jpg,2004-07-05
Son of a Witch (The Wicked Years #2),352,eng,Gregory Maguire,William Morrow Paperbacks,3032,3.47,https://images.gr-assets.com/books/1370992595m/13521.jpg,2006-09-26
The Mermaid Chair,368,eng,Sue Monk Kidd,Penguin Books,5839,3.14,https://images.gr-assets.com/books/1388259308m/6976.jpg,2006-03-07
Lady Friday (The Keys to the Kingdom #5),320,eng,Garth Nix,Scholastic,268,3.92,https://images.gr-assets.com/books/1304528767m/17206.jpg,2007-03-01
The High King (The Chronicles of Prydain #5),253,eng,Lloyd Alexander,Square Fish,969,4.25,https://images.gr-assets.com/books/1407209964m/24781.jpg,2006-05-16
Death Note Vol. 3: Hard Run (Death Note #3),200,eng,Tsugumi Ohba,VIZ Media LLC,751,4.43,https://images.gr-assets.com/books/1419952370m/13618.jpg,2006-01-03
Eleven on Top (Stephanie Plum #11),321,eng,Janet Evanovich,St. Martin's Press,1737,4.16,https://images.gr-assets.com/books/1166394806m/11003.jpg,2006-06-20
Debt of Honor (Jack Ryan #7),990,eng,Tom Clancy,Berkley Books,474,4.05,https://images.gr-assets.com/books/1310086695m/19670.jpg,1995-08-01
The Fellowship of the Ring (The Lord of the Rings #1),398,eng,J.R.R. Tolkien,Houghton Mifflin Harcourt,13935,4.36,https://images.gr-assets.com/books/1298411339m/34.jpg,2003-09-05
Little House in the Big Woods (Little House #1),198,eng,Laura Ingalls Wilder,HarperTrophy,3514,4.18,https://images.gr-assets.com/books/1475195170m/8337.jpg,2007-01-01
City of Glass (The New York Trilogy #1),203,eng,Paul Auster,Penguin Books,748,3.79,https://images.gr-assets.com/books/1309986722m/432.jpg,1987-04-07
Tractatus Logico-Philosophicus,142,eng,Ludwig Wittgenstein,Routledge Classics,411,4.07,https://images.gr-assets.com/books/1396830687m/12075.jpg,2001-09-01
Emma,474,eng,Jane Austen,Penguin Books,11719,4,https://images.gr-assets.com/books/1373627931m/6969.jpg,2003-05-06
Uglies (Uglies #1),425,eng,Scott Westerfeld,Simon Pulse,20834,3.86,https://images.gr-assets.com/books/1443904172m/24770.jpg,2005-02-08
Reaper Man (Discworld #11; Death #2),352,eng,Terry Pratchett,Corgi,1469,4.28,https://images.gr-assets.com/books/1389211958m/34517.jpg,2005-04-01
Monster,281,eng,Walter Dean Myers,Amistad,5398,3.72,https://images.gr-assets.com/books/1404962824m/44184.jpg,2019-03-05
Lullabies for Little Criminals,330,eng,Heather O'Neill,Harper Perennial,1380,3.98,https://images.gr-assets.com/books/1327893204m/22207.jpg,2006-10-17
The Green Mile,592,eng,Stephen King,Penguin Signet,4693,4.44,https://images.gr-assets.com/books/1373903563m/11566.jpg,1996-09-01
On the Beach,296,eng,Nevil Shute,House of Stratus,1769,3.94,https://images.gr-assets.com/books/1327943327m/38180.jpg,2002-10-31
Hard Eight (Stephanie Plum #8),326,eng,Janet Evanovich,St. Martin's Press,1885,4.18,https://images.gr-assets.com/books/1479699438m/6425.jpg,2003-06-16
Pygmalion,82,eng,George Bernard Shaw,Dover Publications,1662,3.9,https://images.gr-assets.com/books/1453757285m/7714.jpg,1994-10-20
Going After Cacciato,351,eng,Tim O'Brien,Broadway/Crown Publishing Group,645,3.91,https://images.gr-assets.com/books/1399498199m/3446.jpg,1999-09-01
Sleeping Murder (Miss Marple #13),242,eng,Agatha Christie,Dodd Mead; 1st edition (September 1976),911,3.95,https://images.gr-assets.com/books/1308808135m/16300.jpg,2003-08-04
The Autumn of the Patriarch,255,eng,Gabriel García Márquez,Harper Perennial Modern Classics,499,3.85,https://images.gr-assets.com/books/1410136666m/23887.jpg,2006-03-14
Strange Pilgrims,208,eng,Gabriel García Márquez,Vintage,427,4.03,https://images.gr-assets.com/books/1411334612m/22175.jpg,2006-11-14
The Bookseller of Kabul,288,en-US,Åsne Seierstad,"Little, Brown and Company",2487,3.77,https://images.gr-assets.com/books/1388611939m/9838.jpg,2004-10-26
Vanity Fair,867,eng,William Makepeace Thackeray,Penguin Books,2316,3.79,https://images.gr-assets.com/books/1344386439m/5797.jpg,2003-01-30
